1.取得每个部门最高薪水的人员名称。

```mysql
（1）每个部门最高薪水
mysql> select deptno,max(sal) from emp group by deptno order by deptno;
+--------+----------+
| deptno | max(sal) |
+--------+----------+
|     10 |  5000.00 |
|     20 |  3000.00 |
|     30 |  2850.00 |
+--------+----------+
3 rows in set (0.00 sec)
（2）将第一步的结果当成临时表t，连接t表和emp表查询人员名称。
mysql> select e.deptno as '部门',maxsal as '最高薪资', e.ename as '名字' from emp e join (select deptno,max(sal) as maxsal from emp group by deptno) t on e.deptno=t.deptno and e.sal=maxsal;
+------+----------+-------+
| 部门 | 最高薪资 | 名字    |
+------+----------+-------+
|   30 |  2850.00 | BLAKE |
|   20 |  3000.00 | SCOTT |
|   10 |  5000.00 | KING  |
|   20 |  3000.00 | FORD  |
+------+----------+-------+
4 rows in set (0.01 sec)
```

