1.取得每个部门最高薪水的人员名称。

```mysql
（1）每个部门最高薪水
mysql> select deptno,max(sal) from emp group by deptno order by deptno;
+--------+----------+
| deptno | max(sal) |
+--------+----------+
|     10 |  5000.00 |
|     20 |  3000.00 |
|     30 |  2850.00 |
+--------+----------+
3 rows in set (0.00 sec)
（2）将第一步的结果当成临时表t，连接t表和emp表查询人员名称。
mysql> select e.deptno as '部门',maxsal as '最高薪资', e.ename as '名字' from emp e join (select deptno,max(sal) as maxsal from emp group by deptno) t on e.deptno=t.deptno and e.sal=maxsal;
+------+----------+-------+
| 部门 | 最高薪资  | 名字   |
+------+----------+-------+
|   30 |  2850.00 | BLAKE |
|   20 |  3000.00 | SCOTT |
|   10 |  5000.00 | KING  |
|   20 |  3000.00 | FORD  |
+------+----------+-------+
4 rows in set (0.01 sec)
```

2.哪些人的薪水在部门的平均薪水之上。

```mysql
（1）找出每个部门的平均薪水
mysql> select deptno,avg(sal) from emp group by deptno;
+--------+-------------+
| deptno | avg(sal)    |
+--------+-------------+
|     20 | 2175.000000 |
|     30 | 1566.666667 |
|     10 | 2916.666667 |
+--------+-------------+
3 rows in set (0.18 sec)
（2）将上面结果看成临时表t，通过和emp表连接查询得到最终人员名称。
mysql> select t.*,e.ename,e.sal from emp e join (select deptno,avg(sal) as avgsal from emp group by deptno) t on e.sal > t.avgsal and e.deptno=t.deptno;
+--------+-------------+-------+---------+
| deptno | avgsal      | ename | sal     |
+--------+-------------+-------+---------+
|     30 | 1566.666667 | ALLEN | 1600.00 |
|     20 | 2175.000000 | JONES | 2975.00 |
|     30 | 1566.666667 | BLAKE | 2850.00 |
|     20 | 2175.000000 | SCOTT | 3000.00 |
|     10 | 2916.666667 | KING  | 5000.00 |
|     20 | 2175.000000 | FORD  | 3000.00 |
+--------+-------------+-------+---------+
6 rows in set (0.00 sec)
```

3.取得部门中（所有人的）平均薪水的等级。

```mysql
（1）部门的平均薪水
mysql> select deptno,avg(sal) as avgsal from emp group by deptno;
+--------+-------------+
| deptno | avgsal      |
+--------+-------------+
|     20 | 2175.000000 |
|     30 | 1566.666667 |
|     10 | 2916.666667 |
+--------+-------------+
3 rows in set (0.00 sec)
（2）将（1）的结果看成临时表t，和表salgrade做连接查询划分薪水等级。
mysql> select t.*,s.grade from (select deptno,avg(sal) as avgsal from emp group by deptno) t join salgrade s on t.avgsal between s.losal and s.hisal;
+--------+-------------+-------+
| deptno | avgsal      | grade |
+--------+-------------+-------+
|     20 | 2175.000000 |     4 |
|     30 | 1566.666667 |     3 |
|     10 | 2916.666667 |     4 |
+--------+-------------+-------+
3 rows in set (0.12 sec)
```

4.不准用分组函数（Max），取得最高薪水，给出两种解决方案。

```mysql
方案1：sal降序，limit 1。
mysql> select sal from emp order by sal desc limit 1;
+---------+
| sal     |
+---------+
| 5000.00 |
+---------+
1 row in set (0.00 sec)
方案2：emp表的自连接。理解判断条件用 < 的妙处。
mysql> select sal from emp where sal not in (select distinct a.sal from emp a join emp b on a.sal < b.sal);
+---------+
| sal     |
+---------+
| 5000.00 |
+---------+
1 row in set (0.00 sec)
```

5.取得平均薪水最高的部门的部门编号（至少给出两种方案）。

```mysql
方案1：先取出每个部门的平均薪水，降序选第一个（limit 1）
mysql> select deptno,avg(sal) as avgsal from emp group by deptno order by avgsal desc limit 1;
+--------+-------------+
| deptno | avgsal      |
+--------+-------------+
|     10 | 2916.666667 |
+--------+-------------+
1 row in set (0.00 sec)
方案2：用分组函数Max。(1) 找出每个部门的平均薪水；(2)找出(1)中avgsal最大的值；(3)用having过滤。
mysql> select deptno,avg(sal) as avgsal from emp group by deptno having avgsal=(select max(t.avgsal) as max_avgsal from (select avg(sal) as avgsal from emp group by deptno) t);
+--------+-------------+
| deptno | avgsal      |
+--------+-------------+
|     10 | 2916.666667 |
+--------+-------------+
1 row in set (0.00 sec)
```

6.取得平均薪水最高的部门的部门名称。

```mysql
（1）取得平均薪水最高的部门编号及平均薪水。
mysql> select deptno,avg(sal) as avgsal from emp group by deptno order by avgsal desc limit 1;
+--------+-------------+
| deptno | avgsal      |
+--------+-------------+
|     10 | 2916.666667 |
+--------+-------------+
1 row in set (0.00 sec)
（2）将（1）的结果作为临时表t，连接查询dept表找出部门名称。
mysql> select t.*,d.dname from dept d join (select deptno,avg(sal) as avgsal from emp group by deptno order by avgsal desc limit 1) t on d.deptno=t.deptno;
+--------+-------------+------------+
| deptno | avgsal      | dname      |
+--------+-------------+------------+
|     10 | 2916.666667 | ACCOUNTING |
+--------+-------------+------------+
1 row in set (0.06 sec)
```

7.求平均薪水的等级最低的部门名称。

```mysql
（1）部门的平均薪水
mysql> select deptno,avg(sal) from emp group by deptno;
+--------+-------------+
| deptno | avg(sal)    |
+--------+-------------+
|     20 | 2175.000000 |
|     30 | 1566.666667 |
|     10 | 2916.666667 |
+--------+-------------+
3 rows in set (0.09 sec)
（2）平均薪水的等级，以及部门名称
mysql> select t.*,s.grade from salgrade s join (select e.deptno,d.dname,avg(e.sal) as avgsal from emp e join dept d on e.deptno=d.deptno group by deptno) t on t.avgsal between s.losal and s.hisal;
+--------+------------+-------------+-------+
| deptno | dname      | avgsal      | grade |
+--------+------------+-------------+-------+
|     20 | RESEARCH   | 2175.000000 |     4 |
|     30 | SALES      | 1566.666667 |     3 |
|     10 | ACCOUNTING | 2916.666667 |     4 |
+--------+------------+-------------+-------+
3 rows in set (0.00 sec)
（3）求等级最低的部门名称。先求出最低平均薪水，根据最低平均薪水得出最低等级（因为最低等级的个数可能不止一个，所以不用limit 1做限制）
mysql> select avg(sal) as avgsal from emp group by deptno order by avgsal asc limit 1;
+-------------+
| avgsal      |
+-------------+
| 1566.666667 |
+-------------+
1 row in set (0.00 sec)

mysql> select grade from salgrade where (select avg(sal) as avgsal from emp group by deptno order by avgsal asc limit 1) between losal and hisal;
+-------+
| grade |
+-------+
|     3 |
+-------+
1 row in set (0.00 sec)

mysql> select t.*,s.grade from salgrade s join (select e.deptno,d.dname,avg(e.sal) as avgsal from emp e join dept d on e.deptno=d.deptno group by deptno) t on t.avgsal between s.losal and s.hisal where s.grade=(select grade from salgrade where (select avg(sal) as avgsal from emp group by deptno order by avgsal asc limit 1) between losal and hisal);
+--------+-------+-------------+-------+
| deptno | dname | avgsal      | grade |
+--------+-------+-------------+-------+
|     30 | SALES | 1566.666667 |     3 |
+--------+-------+-------------+-------+
1 row in set (0.00 sec)
```

8.取得比普通员工（员工代码没有在mgr字段上出现的）的最高薪水还要高的领导人姓名。

```mysql
自连接。not in 在使用的时候，注意NULL的排除。
（1）找出普通员工的最高薪水
mysql> select max(sal) from emp where empno not in (select distinct mgr from emp where mgr is not null);
+----------+
| max(sal) |
+----------+
|  1600.00 |
+----------+
1 row in set (0.00 sec)
（2）找出高于1600.00的领导工资及姓名。
select ename,sal from emp where sal > (select max(sal) from emp where empno not in (select distinct mgr from emp where mgr is not null));mysql> select ename,sal from emp where sal > (select max(sal) from emp where emp
no not in (select distinct mgr from emp where mgr is not null));
+-------+---------+
| ename | sal     |
+-------+---------+
| JONES | 2975.00 |
| BLAKE | 2850.00 |
| CLARK | 2450.00 |
| SCOTT | 3000.00 |
| KING  | 5000.00 |
| FORD  | 3000.00 |
+-------+---------+
6 rows in set (0.00 sec)
```

...